{
  "results": [
    {
      "command": "uv pip install slither-analyzer",
      "mean": 0.011134178886363637,
      "stddev": 0.0024728139995352566,
      "median": 0.010264656,
      "user": 0.004434874999999999,
      "system": 0.005064801136363638,
      "min": 0.008422555,
      "max": 0.021176216,
      "times": [
        0.016974211,
        0.011845145000000001,
        0.009719297,
        0.009988628000000001,
        0.010807896,
        0.010044786,
        0.010995027000000001,
        0.010287425000000001,
        0.009858787,
        0.01222846,
        0.012873996,
        0.011035513,
        0.01077721,
        0.011372382,
        0.010474576000000001,
        0.010302875000000001,
        0.010200556000000001,
        0.013161373,
        0.019291858000000002,
        0.012922015,
        0.008781265,
        0.008495832,
        0.010253964,
        0.008595479000000001,
        0.009114154000000001,
        0.009567052000000001,
        0.008595407000000001,
        0.009397865,
        0.009198284000000001,
        0.009134354,
        0.009103575000000001,
        0.012671267,
        0.019748171000000002,
        0.021176216,
        0.010292263000000001,
        0.011058185,
        0.009481714,
        0.010073677000000001,
        0.009916814000000001,
        0.009660225000000001,
        0.010056105000000001,
        0.009075765000000001,
        0.009533196,
        0.009748882,
        0.009493132000000001,
        0.010589019,
        0.009848377,
        0.012076537,
        0.010064489000000001,
        0.009439855,
        0.010073407000000001,
        0.008739645,
        0.009267272,
        0.009267985000000001,
        0.009377167,
        0.009834651,
        0.010287435000000001,
        0.008444516000000001,
        0.012783998000000001,
        0.009363271000000001,
        0.010977005000000001,
        0.008478048,
        0.009949804000000001,
        0.008721785000000001,
        0.010079386000000001,
        0.008450277,
        0.011507655,
        0.014834305,
        0.013517287000000001,
        0.015209285000000001,
        0.014282506,
        0.013932992000000002,
        0.012882201000000001,
        0.012684742,
        0.012143361,
        0.011118969000000001,
        0.011267978000000001,
        0.014240356000000001,
        0.009792915000000001,
        0.009618666000000001,
        0.010270767,
        0.009155692,
        0.009803984,
        0.0092714,
        0.009324801,
        0.009403186000000001,
        0.00949166,
        0.009031911,
        0.00933576,
        0.008605978,
        0.010588601000000001,
        0.008494359,
        0.009729413000000001,
        0.010934706,
        0.011305977,
        0.011774895,
        0.010840059,
        0.008952412,
        0.009161464000000001,
        0.009773288,
        0.008422555,
        0.009241432,
        0.018765244,
        0.012435357000000001,
        0.01297825,
        0.012236626,
        0.013219631,
        0.013695008000000002,
        0.012134165,
        0.011543471000000001,
        0.011828464,
        0.011691688,
        0.014990538000000001,
        0.016034906,
        0.015063015,
        0.009418663,
        0.009201228,
        0.012631994,
        0.014880432,
        0.013411449,
        0.013681644000000001,
        0.016751294,
        0.013577339,
        0.013862441000000001,
        0.012667320000000001,
        0.013974901000000001,
        0.01469745,
        0.014900741,
        0.009986224,
        0.011393902000000001,
        0.009135014,
        0.010424753,
        0.008700694,
        0.009971657,
        0.010231032000000001,
        0.009424195,
        0.009059155000000001,
        0.008530024,
        0.010267271000000001,
        0.010338842,
        0.009271449000000001,
        0.009052842,
        0.009377959,
        0.008868084,
        0.010514352000000001,
        0.009269736,
        0.008434667,
        0.010758163000000001,
        0.009632084,
        0.008966749000000001,
        0.009807761,
        0.009428875,
        0.010534027000000001,
        0.009415958,
        0.012258696000000001,
        0.010376034000000001,
        0.011517794000000001,
        0.012499486,
        0.015527459,
        0.013347931,
        0.013444030000000001,
        0.011174311000000001,
        0.01286077,
        0.019223259,
        0.017389958,
        0.013790426000000001,
        0.014511832,
        0.010205844,
        0.010642208,
        0.009130649000000001,
        0.008600235000000001,
        0.009214325,
        0.010055372,
        0.009095081000000001,
        0.009972709000000001,
        0.010262041000000001
      ],
      "exit_codes": [
        0,
        0,
        0,
        0,
        0,
        0,
        0,
        0,
        0,
        0,
        0,
        0,
        0,
        0,
        0,
        0,
        0,
        0,
        0,
        0,
        0,
        0,
        0,
        0,
        0,
        0,
        0,
        0,
        0,
        0,
        0,
        0,
        0,
        0,
        0,
        0,
        0,
        0,
        0,
        0,
        0,
        0,
        0,
        0,
        0,
        0,
        0,
        0,
        0,
        0,
        0,
        0,
        0,
        0,
        0,
        0,
        0,
        0,
        0,
        0,
        0,
        0,
        0,
        0,
        0,
        0,
        0,
        0,
        0,
        0,
        0,
        0,
        0,
        0,
        0,
        0,
        0,
        0,
        0,
        0,
        0,
        0,
        0,
        0,
        0,
        0,
        0,
        0,
        0,
        0,
        0,
        0,
        0,
        0,
        0,
        0,
        0,
        0,
        0,
        0,
        0,
        0,
        0,
        0,
        0,
        0,
        0,
        0,
        0,
        0,
        0,
        0,
        0,
        0,
        0,
        0,
        0,
        0,
        0,
        0,
        0,
        0,
        0,
        0,
        0,
        0,
        0,
        0,
        0,
        0,
        0,
        0,
        0,
        0,
        0,
        0,
        0,
        0,
        0,
        0,
        0,
        0,
        0,
        0,
        0,
        0,
        0,
        0,
        0,
        0,
        0,
        0,
        0,
        0,
        0,
        0,
        0,
        0,
        0,
        0,
        0,
        0,
        0,
        0,
        0,
        0,
        0,
        0,
        0,
        0,
        0,
        0,
        0,
        0,
        0,
        0
      ]
    },
    {
      "command": "pip install slither-analyzer",
      "mean": 0.988165585,
      "stddev": 0.21195572468733997,
      "median": 0.8787328775000001,
      "user": 0.7587384,
      "system": 0.12072590000000001,
      "min": 0.8368700640000001,
      "max": 1.489675861,
      "times": [
        0.8634347200000001,
        1.212620202,
        0.846122267,
        0.8845715930000001,
        1.026729248,
        0.8368700640000001,
        1.489675861,
        0.8530814600000001,
        0.872894162,
        0.995656273
      ],
      "exit_codes": [
        0,
        0,
        0,
        0,
        0,
        0,
        0,
        0,
        0,
        0
      ]
    }
  ]
}
