{
  "results": [
    {
      "command": "uv run slither .",
      "mean": 0.4881556129000001,
      "stddev": 0.05146749319633688,
      "median": 0.46558733500000005,
      "user": 0.340288,
      "system": 0.10607739999999999,
      "min": 0.43582281100000003,
      "max": 0.6029337490000001,
      "times": [
        0.5352646870000001,
        0.46214360200000004,
        0.46757393500000005,
        0.46360073500000004,
        0.517796774,
        0.6029337490000001,
        0.44107329,
        0.49624534200000003,
        0.45910120400000004,
        0.43582281100000003
      ],
      "exit_codes": [
        255,
        255,
        255,
        255,
        255,
        255,
        255,
        255,
        255,
        255
      ]
    },
    {
      "command": "slither .",
      "mean": 0.5636213036000001,
      "stddev": 0.09201620998099601,
      "median": 0.5232648385,
      "user": 0.39529809999999993,
      "system": 0.11427340000000001,
      "min": 0.466071577,
      "max": 0.7676401690000001,
      "times": [
        0.58407206,
        0.574964066,
        0.511791968,
        0.671988844,
        0.7676401690000001,
        0.5240168900000001,
        0.519227557,
        0.522512787,
        0.466071577,
        0.49392711800000005
      ],
      "exit_codes": [
        255,
        255,
        255,
        255,
        255,
        255,
        255,
        255,
        255,
        255
      ]
    }
  ]
}
