{
  "results": [
    {
      "command": "uv pip install slither-analyzer",
      "mean": 0.011047664767918089,
      "stddev": 0.0023021967690597532,
      "median": 0.010199116000000001,
      "user": 0.004061829351535835,
      "system": 0.005551808873720139,
      "min": 0.008740509,
      "max": 0.025296524,
      "times": [
        0.010216007000000001,
        0.010487164,
        0.011150548000000001,
        0.010721257000000001,
        0.010841121,
        0.011270283,
        0.01049153,
        0.010796136000000001,
        0.011042275,
        0.010662289,
        0.010218563,
        0.011558486000000001,
        0.010610011,
        0.010456066,
        0.009963867000000001,
        0.010960371,
        0.010293724,
        0.010474797000000001,
        0.00925127,
        0.009806827,
        0.009325979,
        0.010673359,
        0.010307207,
        0.012844242,
        0.013837332,
        0.015085245,
        0.015388421000000001,
        0.014706059,
        0.01631699,
        0.015987887000000003,
        0.014377017,
        0.015543239,
        0.025296524,
        0.015741766,
        0.013301365,
        0.011701905,
        0.010590332000000001,
        0.010772844,
        0.010709656000000001,
        0.010176383,
        0.011722082,
        0.010051984,
        0.010366605000000001,
        0.013197670000000002,
        0.010600112,
        0.009244648000000001,
        0.009682515000000001,
        0.009301462,
        0.010327036000000001,
        0.009778881000000001,
        0.009906533,
        0.009292756000000001,
        0.010309191,
        0.009988173000000001,
        0.010187023,
        0.011975195000000001,
        0.009910688,
        0.010332654,
        0.009665420000000001,
        0.010337914,
        0.010266944,
        0.009400498,
        0.010114406000000001,
        0.009762592,
        0.009189626000000001,
        0.009661785,
        0.009854315,
        0.009809558000000001,
        0.014350828000000001,
        0.013286826000000002,
        0.015157971000000001,
        0.012135512000000001,
        0.01014201,
        0.010392015000000001,
        0.010264499,
        0.009490233,
        0.011181826,
        0.010115051,
        0.010661607,
        0.010317074,
        0.010168098,
        0.010919387000000001,
        0.010116892,
        0.009402892000000001,
        0.009770458000000001,
        0.009874102000000001,
        0.009690707,
        0.014242719000000001,
        0.014193274,
        0.017875673,
        0.013927259,
        0.014099450000000001,
        0.01120629,
        0.012618642000000001,
        0.015241747000000002,
        0.011555582,
        0.012294909000000001,
        0.015609823000000002,
        0.014997893000000002,
        0.010893921,
        0.010029307000000001,
        0.010311928000000001,
        0.009879911,
        0.010127240000000001,
        0.010547605,
        0.009290333000000001,
        0.011542097000000001,
        0.010090582,
        0.009817276,
        0.009844914,
        0.008986018,
        0.013249105,
        0.012349693,
        0.01007266,
        0.010450984,
        0.011876981,
        0.010664390000000001,
        0.009365543,
        0.009950103,
        0.009048783000000001,
        0.010227178,
        0.009982222,
        0.015025442000000002,
        0.014729393,
        0.016853802,
        0.014528750000000002,
        0.011645988000000001,
        0.009849084000000001,
        0.010023800000000001,
        0.010571672,
        0.011478115,
        0.010757996,
        0.010505396,
        0.011004968,
        0.009908813,
        0.010231517,
        0.009127157,
        0.009040046000000001,
        0.010073864,
        0.009196206,
        0.012134460000000001,
        0.009393054000000001,
        0.010199116000000001,
        0.010146628000000001,
        0.010414349,
        0.010956055000000001,
        0.010009252000000001,
        0.009929904,
        0.009404616000000001,
        0.009862939000000001,
        0.010360756,
        0.009518708,
        0.012682832000000002,
        0.009511275000000001,
        0.010265227,
        0.00935877,
        0.00918129,
        0.00957839,
        0.010207323,
        0.010131580000000001,
        0.009549344000000001,
        0.010030822,
        0.014205637,
        0.012420675,
        0.010015804000000001,
        0.009412328000000001,
        0.009751513,
        0.01099216,
        0.009307546,
        0.010490921,
        0.009667315000000001,
        0.009321910000000001,
        0.011357283000000001,
        0.00943275,
        0.010315673000000001,
        0.00896655,
        0.009440603,
        0.009291193000000001,
        0.009727549,
        0.009073699000000001,
        0.0089342,
        0.009138337,
        0.011039332,
        0.010245853000000001,
        0.009240541000000001,
        0.010475589,
        0.009324066,
        0.01009293,
        0.01013176,
        0.009097785,
        0.009755699000000001,
        0.009521452000000001,
        0.015117167,
        0.018016927000000002,
        0.015214607000000002,
        0.016730168,
        0.021838704,
        0.018141348,
        0.018441667000000002,
        0.019420019,
        0.010080627,
        0.010096542,
        0.011004615,
        0.013565848,
        0.012891458000000001,
        0.010087358000000001,
        0.011394502,
        0.010170612,
        0.009176130000000001,
        0.009972185000000001,
        0.010608566,
        0.010263465000000001,
        0.009936889,
        0.010153609000000001,
        0.010130159000000001,
        0.011500989000000001,
        0.009462275000000001,
        0.010050176000000001,
        0.009913574000000001,
        0.010112586,
        0.0096225,
        0.009953488,
        0.009115669,
        0.011504567,
        0.010354084000000001,
        0.011074293,
        0.009896973,
        0.009321481000000001,
        0.009215934,
        0.010121643000000001,
        0.009389728,
        0.009849423000000001,
        0.009876958,
        0.009141075,
        0.010780206,
        0.010018992000000001,
        0.010040430000000001,
        0.009157043,
        0.009919797000000001,
        0.009617191,
        0.009671714000000001,
        0.010051391,
        0.009254637000000001,
        0.009663886,
        0.008943037000000001,
        0.010808032,
        0.00983619,
        0.009168003000000001,
        0.009162244,
        0.008963806000000001,
        0.009819318,
        0.009207238000000001,
        0.009567968000000001,
        0.009406962000000001,
        0.009065053,
        0.009354280000000001,
        0.010364984,
        0.010249572,
        0.009076805,
        0.010037264,
        0.009534257,
        0.010619629,
        0.012269249000000001,
        0.010191383,
        0.010176093,
        0.012945018,
        0.009967516000000001,
        0.009622141,
        0.008802975000000001,
        0.008788098000000001,
        0.009602574000000001,
        0.009013456000000001,
        0.009444059000000001,
        0.008740509,
        0.009803000000000001,
        0.009196118000000001,
        0.012853487,
        0.013290245000000001,
        0.012697649,
        0.012407338,
        0.011019393,
        0.010425676,
        0.012858778000000001,
        0.015073494000000002,
        0.016906468,
        0.015384022,
        0.014783224000000001,
        0.014444323,
        0.012592614,
        0.012683393000000001,
        0.012337428000000001,
        0.015271503,
        0.010422051
      ],