{
  "results": [
    {
      "command": "uv run slither .",
      "mean": 0.4500613553,
      "stddev": 0.06967534246194128,
      "median": 0.418127276,
      "user": 0.3208135,
      "system": 0.0957976,
      "min": 0.394746967,
      "max": 0.5759207080000001,
      "times": [
        0.394746967,
        0.39852287900000005,
        0.5759207080000001,
        0.46975274400000006,
        0.5717077810000001,
        0.395442083,
        0.40622944200000005,
        0.45203639700000003,
        0.419083972,
        0.41717058
      ],
      "exit_codes": [
        255,
        255,
        255,
        255,
        255,
        255,
        255,
        255,
        255,
        255
      ]
    },
    {
      "command": "slither .",
      "mean": 0.48966404900000005,
      "stddev": 0.05347806152916156,
      "median": 0.48714305700000005,
      "user": 0.36246049999999996,
      "system": 0.1028377,
      "min": 0.43149690300000004,
      "max": 0.5622277170000001,
      "times": [
        0.5359507840000001,
        0.538722339,
        0.436631203,
        0.43149690300000004,
        0.439056581,
        0.5622277170000001,
        0.526147346,
        0.5344748460000001,
        0.448138768,
        0.44379400300000005
      ],
      "exit_codes": [
        255,
        255,
        255,
        255,
        255,
        255,
        255,
        255,
        255,
        255
      ]
    }
  ]
}
