{
  "results": [
    {
      "command": "uv run slither .",
      "mean": 0.5172864873,
      "stddev": 0.13439849083350863,
      "median": 0.459437502,
      "user": 0.35884949999999993,
      "system": 0.10007079999999999,
      "min": 0.416086391,
      "max": 0.8562375510000001,
      "times": [
        0.427125109,
        0.63610508,
        0.8562375510000001,
        0.454456956,
        0.461286695,
        0.518599557,
        0.489474844,
        0.416086391,
        0.455904381,
        0.457588309
      ],
      "exit_codes": [
        255,
        255,
        255,
        255,
        255,
        255,
        255,
        255,
        255,
        255
      ]
    },
    {
      "command": "slither .",
      "mean": 0.5465699589,
      "stddev": 0.09750543758907755,
      "median": 0.507143552,
      "user": 0.38791439999999994,
      "system": 0.10557699999999999,
      "min": 0.454231484,
      "max": 0.745824822,
      "times": [
        0.47448960700000004,
        0.585852644,
        0.52082318,
        0.745824822,
        0.458853383,
        0.454231484,
        0.65911891,
        0.479286168,
        0.593755467,
        0.49346392400000005
      ],
      "exit_codes": [
        255,
        255,
        255,
        255,
        255,
        255,
        255,
        255,
        255,
        255
      ]
    }
  ]
}
