{
  "results": [
    {
      "command": "uv run slither .",
      "mean": 0.4570763972,
      "stddev": 0.08161460651537393,
      "median": 0.42767853100000003,
      "user": 0.32166229999999996,
      "system": 0.0951314,
      "min": 0.391565702,
      "max": 0.633588232,
      "times": [
        0.633588232,
        0.391565702,
        0.39420760000000005,
        0.4126442,
        0.571598167,
        0.44789494300000005,
        0.463949624,
        0.44064011200000003,
        0.399958442,
        0.41471695000000003
      ],
      "exit_codes": [
        255,
        255,
        255,
        255,
        255,
        255,
        255,
        255,
        255,
        255
      ]
    },
    {
      "command": "slither .",
      "mean": 0.5033843158000001,
      "stddev": 0.0865724215343765,
      "median": 0.4679765450000001,
      "user": 0.3569041,
      "system": 0.10335919999999998,
      "min": 0.43067637400000003,
      "max": 0.689338387,
      "times": [
        0.44215254800000003,
        0.44194908000000005,
        0.440957692,
        0.689338387,
        0.509820488,
        0.614751047,
        0.45069107100000005,
        0.528244452,
        0.43067637400000003,
        0.48526201900000004
      ],
      "exit_codes": [
        255,
        255,
        255,
        255,
        255,
        255,
        255,
        255,
        255,
        255
      ]
    }
  ]
}
