{
  "results": [
    {
      "command": "uv run slither .",
      "mean": 0.4590880355000001,
      "stddev": 0.039160546111187064,
      "median": 0.45695576400000004,
      "user": 0.3209956,
      "system": 0.09827510000000002,
      "min": 0.40660876100000004,
      "max": 0.540589593,
      "times": [
        0.486896486,
        0.479617881,
        0.472299697,
        0.46037089600000003,
        0.43812669600000004,
        0.40660876100000004,
        0.41176640400000003,
        0.45354063200000005,
        0.540589593,
        0.441063309
      ],
      "exit_codes": [
        255,
        255,
        255,
        255,
        255,
        255,
        255,
        255,
        255,
        255
      ]
    },
    {
      "command": "slither .",
      "mean": 0.5062066804,
      "stddev": 0.05102139329746385,
      "median": 0.49359893650000003,
      "user": 0.3695737,
      "system": 0.10122300000000002,
      "min": 0.446891011,
      "max": 0.606301796,
      "times": [
        0.57215758,
        0.47340688400000003,
        0.493707053,
        0.49806278600000004,
        0.491676883,
        0.535206623,
        0.446891011,
        0.451165368,
        0.49349082000000005,
        0.606301796
      ],
      "exit_codes": [
        255,
        255,
        255,
        255,
        255,
        255,
        255,
        255,
        255,
        255
      ]
    }
  ]
}
