{
  "results": [
    {
      "command": "uv pip install slither-analyzer",
      "mean": 0.010142137658878501,
      "stddev": 0.002546234821075898,
      "median": 0.0094678485,
      "user": 0.003787028037383178,
      "system": 0.005125714953271028,
      "min": 0.008480244000000001,
      "max": 0.035161167,
      "times": [
        0.013985830000000001,
        0.016181457,
        0.013762883,
        0.013459978000000001,
        0.011602499,
        0.011342635,
        0.011913619,
        0.01502294,
        0.012762332000000001,
        0.010105289,
        0.010218744,
        0.010404578000000001,
        0.009593196,
        0.010434446,
        0.010385852000000001,
        0.010227357000000001,
        0.011941523,
        0.009314496,
        0.010743792,
        0.011185623,
        0.010050378,
        0.011198577000000001,
        0.01012771,
        0.009521846,
        0.009220513000000001,
        0.009211354,
        0.010545190000000001,
        0.008761801000000001,
        0.01067523,
        0.009341239000000001,
        0.009490254,
        0.008964376000000001,
        0.010993116,
        0.009052611,
        0.014447709000000001,
        0.021921658,
        0.010141357,
        0.012750528,
        0.012717466,
        0.012427536000000001,
        0.008995163,
        0.009520971000000001,
        0.009088287,
        0.009942049000000001,
        0.009568051000000001,
        0.008949438,
        0.009287927000000001,
        0.008756982,
        0.010058382000000001,
        0.008788418000000001,
        0.008920275,
        0.009096251000000001,
        0.009247463000000001,
        0.009433429,
        0.009349451,
        0.010219173,
        0.00876234,
        0.00954539,
        0.008733426,
        0.009093116,
        0.009628032,
        0.008857577,
        0.00872003,
        0.009591061000000001,
        0.010266763,
        0.008768881000000001,
        0.010163377000000001,
        0.008931116000000001,
        0.009359280000000001,
        0.009352489,
        0.008776145,
        0.009307857000000001,
        0.009155019,
        0.008728627000000001,
        0.008546097,
        0.010061130000000001,
        0.008772929,
        0.010072861,
        0.009739217000000001,
        0.009639786000000001,
        0.00980537,
        0.009458488000000001,
        0.010415929,
        0.010014421,
        0.008861314,
        0.010087686,
        0.008937826000000001,
        0.010132712,
        0.009435876000000001,
        0.009991878000000001,
        0.009305653,
        0.009258694000000001,
        0.00970285,
        0.009233677000000001,
        0.009973788,
        0.008754804,
        0.009841069000000001,
        0.009001415,
        0.009665924000000001,
        0.009349882,
        0.009537536000000001,
        0.010176301,
        0.009728752,
        0.009954718000000001,
        0.009256611000000001,
        0.009568301000000001,
        0.009725854,
        0.009744689,
        0.009969267,
        0.010279397000000001,
        0.009508559,
        0.009404644,
        0.00902026,
        0.008834416000000001,
        0.0097233,
        0.009449908,
        0.009580385,
        0.009930486,
        0.009930734,
        0.009032695,
        0.009433758,
        0.008966059,
        0.009257291,
        0.010208052,
        0.008930683,
        0.009414125,
        0.008801360000000001,
        0.010038977000000001,
        0.008804327,
        0.014193615000000001,
        0.010790238,
        0.00906319,
        0.009412741,
        0.008912939,
        0.009998582,
        0.009774986000000001,
        0.009338354,
        0.010612504,
        0.009362678000000001,
        0.01390119,
        0.011150409,
        0.009539826000000001,
        0.009372908000000001,
        0.008760967,
        0.011580959,
        0.011722762000000001,
        0.008938768,
        0.010221178000000001,
        0.009477209,
        0.008999032,
        0.009645816,
        0.008660097,
        0.009556410000000001,
        0.008823654,
        0.009149881,
        0.009155041000000001,
        0.00854804,
        0.00873051,
        0.009727567000000001,
        0.009535709,
        0.010108026,
        0.010910132000000001,
        0.009205395,
        0.009442076,
        0.009077665,
        0.00853603,
        0.009766951000000001,
        0.008721181,
        0.013182822,
        0.035161167,
        0.017606091,
        0.016733636,
        0.017565806,
        0.019228415000000002,
        0.014813218000000001,
        0.009898447000000001,
        0.009141564000000001,
        0.009033417,
        0.009389267,
        0.009664239,
        0.009349351,
        0.008809728000000001,
        0.010185280000000001,
        0.011704038,
        0.009910257,
        0.009289593,
        0.00874083,
        0.008686847000000001,
        0.008885469,
        0.009026481000000001,
        0.008663135,
        0.009180681000000001,
        0.008494911,
        0.010156555000000001,
        0.009029509,
        0.009135043,
        0.009637898,
        0.008681241000000001,
        0.009112319,
        0.008601289,
        0.009264146000000001,
        0.008594245,
        0.008480244000000001,
        0.009358582,
        0.00940764,
        0.009067528,
        0.009274934,
        0.009269004,
        0.008607182,
        0.009542012,
        0.008599494000000001,
        0.009280364000000001,
        0.008525300000000001,
        0.008638549
      ],
      "exit_codes": [
        0,
        0,
        0,
        0,
        0,
        0,
        0,
        0,
        0,
        0,
        0,
        0,
        0,
        0,
        0,
        0,
        0,
        0,
        0,
        0,
        0,
        0,
        0,
        0,
        0,
        0,
        0,
        0,
        0,
        0,
        0,
        0,
        0,
        0,
        0,
        0,
        0,
        0,
        0,
        0,
        0,
        0,
        0,
        0,
        0,
        0,
        0,
        0,
        0,
        0,
        0,
        0,
        0,
        0,
        0,
        0,
        0,
        0,
        0,
        0,
        0,
        0,
        0,
        0,
        0,
        0,
        0,
        0,
        0,
        0,
        0,
        0,
        0,
        0,
        0,
        0,
        0,
        0,
        0,
        0,
        0,
        0,
        0,
        0,
        0,
        0,
        0,
        0,
        0,
        0,
        0,
        0,
        0,
        0,
        0,
        0,
        0,
        0,
        0,
        0,
        0,
        0,
        0,
        0,
        0,
        0,
        0,
        0,
        0,
        0,
        0,
        0,
        0,
        0,
        0,
        0,
        0,
        0,
        0,
        0,
        0,
        0,
        0,
        0,
        0,
        0,
        0,
        0,
        0,
        0,
        0,
        0,
        0,
        0,
        0,
        0,
        0,
        0,
        0,
        0,
        0,
        0,
        0,
        0,
        0,
        0,
        0,
        0,
        0,
        0,
        0,
        0,
        0,
        0,
        0,
        0,
        0,
        0,
        0,
        0,
        0,
        0,
        0,
        0,
        0,
        0,
        0,
        0,
        0,
        0,
        0,
        0,
        0,
        0,
        0,
        0,
        0,
        0,
        0,
        0,
        0,
        0,
        0,
        0,
        0,
        0,
        0,
        0,
        0,
        0,
        0,
        0,
        0,
        0,
        0,
        0,
        0,
        0,
        0,
        0,
        0,
        0,
        0,
        0,
        0,
        0,
        0,
        0,
        0,
        0,
        0,
        0,
        0,
        0
      ]
    },
    {
      "command": "pip install slither-analyzer",
      "mean": 0.9505109189000001,